{
  "train_loss": [
    3.4952059853758164,
    3.3163435022698917,
    3.1237435760901415,
    2.918266435324813,
    2.6900566252710956,
    2.4967050982814816,
    2.3177051417203023,
    2.931050508725169,
    2.187703353206069,
    1.9935822742562128,
    1.8441179686413394,
    1.7063745810396462,
    1.5844072537565195,
    1.459812720308011,
    1.3541514340114946,
    1.2499352291083896,
    1.150538917823613,
    1.0504357419278998,
    0.9568286378749111,
    0.8712104164971637,
    0.7865215474318705,
    0.7099963517666937,
    0.6420970316721601,
    0.5606508963389969,
    0.5044744813851901,
    0.4456247504038139,
    0.3959225039853894,
    0.3416426258164035,
    0.2937599009553414,
    0.2572458869175836,
    0.22899805900536319,
    0.1910723816931806,
    0.15830829448462785,
    0.1360138884463263,
    0.11560005984835912,
    0.09691224198269628,
    0.07527635506863717,
    0.06349452927274347,
    0.051762851602838736,
    0.04238596656903645,
    0.032932119757624674,
    0.025273559579089503,
    0.02198666365859924,
    0.017423117687183885,
    0.014015734670352135,
    0.012134276672106942,
    0.009456118001066702,
    0.007852079137600004,
    0.008094120992816952,
    0.007578732964186486
  ],
  "train_acc": [
    0.07161972520479097,
    0.11004862765575536,
    0.14627459939297022,
    0.18808132893835058,
    0.23953199960836788,
    0.2823830814921184,
    0.32340654678372116,
    0.19059430175255376,
    0.35698900166443653,
    0.4056982474462322,
    0.44446982800822427,
    0.481120067882902,
    0.5154531510068209,
    0.5482523416337587,
    0.5767272608596326,
    0.6084984171534872,
    0.635488397898241,
    0.6641591331875591,
    0.6927645964557293,
    0.7168173362488169,
    0.7436604549459874,
    0.7674357886491955,
    0.7886655135276264,
    0.8162755784732875,
    0.8311902353056363,
    0.8518325119937339,
    0.8681015632649065,
    0.885284422832153,
    0.9011128879605756,
    0.9141672921902027,
    0.9234196011879507,
    0.9353643810580594,
    0.9467053947325479,
    0.9537221370059724,
    0.9610652393851375,
    0.9679677556215528,
    0.9758167161646161,
    0.9794393133383376,
    0.9832903625860775,
    0.9870761398126693,
    0.9899644267484743,
    0.9923468555203812,
    0.9934075258640384,
    0.9949577363663066,
    0.9963610848209915,
    0.9968669429848895,
    0.9977154792598153,
    0.9982866094448615,
    0.9981887014131393,
    0.9986456055611762
  ],
  "val_loss": [
    3.427055006213503,
    3.2309549083477216,
    3.0649059045015408,
    2.775213001652915,
    2.5765571805730163,
    2.6729958967098773,
    2.2192085636644254,
    2.374447556140052,
    2.1615048143933357,
    2.047111842754497,
    1.8446384897874935,
    1.7498723436231778,
    1.6553477666892396,
    1.6004076598061394,
    1.5364248899657884,
    1.4619615821870593,
    1.4883244437676972,
    1.4167351764035236,
    1.362703267707578,
    1.4641591907598002,
    1.3186835072292318,
    1.285071611439434,
    1.288452240912675,
    1.306187401418032,
    1.253250358563055,
    1.3610234499012677,
    1.3619074189184976,
    1.282823480511398,
    1.3581502039293516,
    1.3872559018764645,
    1.3613298452623546,
    1.4449765605537144,
    1.3903323093478175,
    1.497668002176642,
    1.4495071646119901,
    1.4863288868609845,
    1.5254454772576376,
    1.5551803076139437,
    1.5002068305509277,
    1.5357778167248402,
    1.5587996575674448,
    1.5705384085192031,
    1.5853646101274406,
    1.5404128886683779,
    1.5377065149203046,
    1.5476703150259414,
    1.550317595789026,
    1.5390845199288872,
    1.5427444083415074,
    1.544855153688444
  ],
  "val_acc": [
    0.07431340872374798,
    0.13467469525627845,
    0.16125715964165074,
    0.22382141283595242,
    0.2581876927595829,
    0.2533411661036863,
    0.34689381700690264,
    0.31017770597738287,
    0.36011161697752975,
    0.3933029813482156,
    0.44162138346306357,
    0.47055367895432515,
    0.5002202966661771,
    0.5134380966368042,
    0.53899250991335,
    0.5548538698781025,
    0.5482449698927889,
    0.5666030254075488,
    0.587457776472316,
    0.5742399765016889,
    0.6128653253047437,
    0.6180055808488765,
    0.6303421941547951,
    0.6425319430165957,
    0.658099574093112,
    0.6442943163460126,
    0.6511969452195624,
    0.6702893229549126,
    0.6666177118519606,
    0.6667645762960788,
    0.6874724629167278,
    0.678366867381407,
    0.695109414010868,
    0.6871787340284917,
    0.7042150095461889,
    0.6904097517990895,
    0.7023057717726539,
    0.7003965339991188,
    0.7092084006462036,
    0.7114113673079747,
    0.7143486561903363,
    0.7092084006462036,
    0.7143486561903363,
    0.7196357761785872,
    0.7253634894991923,
    0.7277133206050815,
    0.7300631517109708,
    0.7291819650462623,
    0.7293288294903804,
    0.72859450726979
  ]
}