{
  "train_loss": [
    1.4825527710444792,
    0.5848050747444967,
    0.3664597057746863,
    0.2653829094588704,
    0.20414515657776006,
    0.17133102938399092,
    0.14348876224376955,
    0.12321277896967177,
    0.11010972698362917,
    0.10339965899011552,
    0.0825854786700117,
    0.0767827074153998,
    0.07061793212489358,
    0.06194288695494845,
    0.05611603387833995,
    0.05096765922702894,
    0.04319729724186666,
    0.045224280979232256,
    0.03990179953404224,
    0.03216985861593091,
    0.03132763117769308,
    0.028586187204577364,
    0.02682027375468233,
    0.021704723809333505,
    0.019373665520130662,
    0.01773026791094267,
    0.015991952055438796,
    0.01142858853752683,
    0.010792171348479993,
    0.010369776076549018,
    0.007655319145581807,
    0.0079668515974085,
    0.005411518631231802,
    0.004778279542646474,
    0.003693260486636267,
    0.0034003297045671565,
    0.0025291089903454935,
    0.0019015449308323708,
    0.0016931676237453906,
    0.0013401225315672523,
    0.001224310938262897,
    0.000779448282379521,
    0.0006712455786333169,
    0.0011109693438415052,
    0.0006225274914103884,
    0.0006997609242754292,
    0.0006715846876381704,
    0.00039375908547887575,
    0.0005401733443629878,
    0.0004172449008361628
  ],
  "train_acc": [
    0.5628406383603668,
    0.8159655363728338,
    0.8831304461342645,
    0.9144773342906564,
    0.9346137528148559,
    0.9440455598707614,
    0.9536568649848243,
    0.9604614731895174,
    0.9647204725694332,
    0.9678045755686825,
    0.9734832414085702,
    0.9749681798896903,
    0.9778238308149212,
    0.9799778075128096,
    0.9817401520838093,
    0.983535132665383,
    0.9857870173949936,
    0.9852158872099475,
    0.9872230018602526,
    0.9900133807643353,
    0.9902581508436409,
    0.9906987369863908,
    0.9913677752031592,
    0.992771123657844,
    0.9938154759962142,
    0.9942397441336771,
    0.9953167324826213,
    0.9964753108580007,
    0.9963284488104174,
    0.9967200809373062,
    0.9976665252439542,
    0.9974707091805097,
    0.9983192454554355,
    0.9984987435135929,
    0.9987924676087595,
    0.9988087856140465,
    0.9992656897620835,
    0.9994451878202408,
    0.999494141836102,
    0.9996410038836853,
    0.9995757318625371,
    0.9997552299206945,
    0.9998041839365556,
    0.9995920498678241,
    0.9998041839365556,
    0.9997878659312686,
    0.9998041839365556,
    0.9999347279788519,
    0.9998041839365556,
    0.9998531379524167
  ],
  "val_loss": [
    0.7059927085262158,
    0.45323299443797055,
    0.36514510289611474,
    0.268418909815251,
    0.22872711592027664,
    0.22828069237346849,
    0.20717953986963314,
    0.19203088699432,
    0.18065462909985752,
    0.1595540281873755,
    0.19863593304344587,
    0.16773167608820372,
    0.15063376496792855,
    0.11556922547975498,
    0.16019146212450924,
    0.14406500470710057,
    0.1283347472476813,
    0.12475775532672839,
    0.12062508074129305,
    0.12328955272883112,
    0.11230329739936282,
    0.12003722485991403,
    0.10457219863765928,
    0.11379056144546773,
    0.10392237593728831,
    0.09264465672781787,
    0.08996767629491091,
    0.0900458820311377,
    0.09958945103137394,
    0.07894977756098454,
    0.08599413358023039,
    0.08150532609152703,
    0.07516759949811389,
    0.07560136793060936,
    0.06894184053608925,
    0.07108761493159292,
    0.06818927384427131,
    0.06654846470653661,
    0.06890388233251013,
    0.06535936930134748,
    0.061400829840826066,
    0.06304954530175144,
    0.060008769806201644,
    0.05922083407495045,
    0.05901293696362453,
    0.05713072813907515,
    0.05741817035673465,
    0.05811945907321288,
    0.056692135403376816,
    0.058347956663986546
  ],
  "val_acc": [
    0.7772066382728742,
    0.8571008958731091,
    0.886620649140843,
    0.9168747246291673,
    0.9320017623733294,
    0.9296519312674402,
    0.9411073579086503,
    0.9430165956821853,
    0.9487443090027904,
    0.9543251578792774,
    0.9433103245704215,
    0.9506535467763254,
    0.9563812600969306,
    0.9651931267440153,
    0.9555000734322221,
    0.9606403289763549,
    0.9662211778528418,
    0.9644588045234249,
    0.9669555000734322,
    0.9669555000734322,
    0.9700396533999118,
    0.968571008958731,
    0.9729769422822735,
    0.9704802467322661,
    0.973858128946982,
    0.9763548244969893,
    0.9767954178293435,
    0.975914231164635,
    0.9767954178293435,
    0.9813482155970039,
    0.9775297400499339,
    0.9787046556028786,
    0.9820825378175944,
    0.9813482155970039,
    0.9816419444852401,
    0.9819356733734763,
    0.9823762667058306,
    0.9836980467028932,
    0.9847260978117198,
    0.9866353355852548,
    0.9866353355852548,
    0.9861947422529006,
    0.9863416066970186,
    0.9863416066970186,
    0.9860478778087824,
    0.9869290644734909,
    0.9872227933617271,
    0.9867822000293729,
    0.9863416066970186,
    0.9863416066970186
  ]
}