{
  "train_loss": [
    1.4509645961235975,
    0.5859995821718175,
    0.36463635506582015,
    0.26363576076729545,
    0.2044896053927852,
    0.16927351149588776,
    0.1435898908934516,
    0.12582953732552773,
    0.10420323023990491,
    0.10024418086392237,
    0.0928518648912614,
    0.07521196230694027,
    0.07049041835002817,
    0.0681508664349473,
    0.05329415048155415,
    0.05094783030882435,
    0.05231086749797826,
    0.04631939029769639,
    0.03528508686460615,
    0.03320400234604702,
    0.032096520969468814,
    0.027779093322786275,
    0.028397937402373046,
    0.021479148131302438,
    0.018378030687325225,
    0.017405986073927637,
    0.01613029832629693,
    0.012890839437829784,
    0.009329848929293552,
    0.010330859937251824,
    0.009144181151111184,
    0.0072089657588671275,
    0.0060316434899726,
    0.005496094177125867,
    0.004797230090614414,
    0.0030997979540205835,
    0.002696982965950998,
    0.002048453481743367,
    0.00245327854361854,
    0.001144857968170388,
    0.0014878738907282295,
    0.000868773618731695,
    0.000772603958816446,
    0.0005102909357142699,
    0.0007223211490729618,
    0.0007407479869615497,
    0.0007326672595465137,
    0.0004617554751381128,
    0.0003494146205759331,
    0.00044606760304823854
  ],
  "train_acc": [
    0.5717339512418002,
    0.8169282986847688,
    0.8841095264514865,
    0.9157011846871839,
    0.9350217029470318,
    0.9449104141509742,
    0.9532162788420744,
    0.9595150288828693,
    0.966107503018831,
    0.9673639894259326,
    0.9707254985150615,
    0.9759146241963382,
    0.97673052446069,
    0.9785418230475507,
    0.982572370353448,
    0.9836004046865311,
    0.9835677686759571,
    0.9851995692046605,
    0.9886263503149375,
    0.9894259325740021,
    0.9897033386638817,
    0.9914004112137332,
    0.9910903691132796,
    0.9935707059169088,
    0.9940439280702327,
    0.9943213341601123,
    0.9947945563134363,
    0.9959531346888156,
    0.9968995789954636,
    0.9968995789954636,
    0.9971443490747691,
    0.9976991612545283,
    0.998090793381417,
    0.9982702914395745,
    0.9986129695506021,
    0.9991188277145002,
    0.9991351457197872,
    0.9993146437779445,
    0.9992656897620835,
    0.9996736398942593,
    0.999494141836102,
    0.9997715479259816,
    0.9997878659312686,
    0.9998694559577037,
    0.9998041839365556,
    0.9997552299206945,
    0.9997878659312686,
    0.9998857739629907,
    0.9999184099735648,
    0.9998857739629907
  ],
  "val_loss": [
    0.668760592641766,
    0.38368906202181824,
    0.29324113009373054,
    0.2456825859729791,
    0.23981213844182261,
    0.18562726868062945,
    0.18189793325745074,
    0.17454701641273315,
    0.1774625362326945,
    0.17113904085325973,
    0.15868386590571845,
    0.126089694457426,
    0.1557131258751401,
    0.12576566415309975,
    0.1339674829242086,
    0.1524506479069659,
    0.1211324334290603,
    0.11114395854081387,
    0.13802495174151516,
    0.10937519107534732,
    0.12021500882929945,
    0.10650998719525151,
    0.0937565299607604,
    0.09690595261248168,
    0.09195979469986341,
    0.07875631643544824,
    0.0912683162844132,
    0.0675001043771733,
    0.06243800866740178,
    0.08116809839147783,
    0.075966062713119,
    0.06694767433662503,
    0.06369740681790875,
    0.06643420474781866,
    0.06430398602841715,
    0.06242867124691345,
    0.05611108674997618,
    0.0557704090525861,
    0.05668598180545293,
    0.04914304849091301,
    0.05476881960453114,
    0.05387179423499824,
    0.051531947812084526,
    0.04919513693574626,
    0.049597193589926945,
    0.046312892736568995,
    0.04820045761776171,
    0.04675749128075636,
    0.04624824953719942,
    0.04718584582517304
  ],
  "val_acc": [
    0.7904244382435013,
    0.8778087824937583,
    0.9045381113232487,
    0.9214275223968277,
    0.9270083712733147,
    0.9415479512410045,
    0.9452195623439565,
    0.9466882067851373,
    0.9469819356733735,
    0.9505066823322074,
    0.9552063445439859,
    0.9635776178587164,
    0.9563812600969306,
    0.966661771185196,
    0.9616683800851814,
    0.9582904978704656,
    0.9648993978557792,
    0.9693053311793215,
    0.964605668967543,
    0.9710677045087385,
    0.9694521956234395,
    0.972242620061683,
    0.9740049933911,
    0.971948891173447,
    0.9750330444999266,
    0.9807607578205316,
    0.973858128946982,
    0.9834043178146571,
    0.9842855044793656,
    0.9789983844911146,
    0.9829637244823028,
    0.9839917755911294,
    0.9838449111470113,
    0.9845792333676017,
    0.9857541489205464,
    0.9853135555881921,
    0.9866353355852548,
    0.9870759289176091,
    0.9860478778087824,
    0.9879571155823175,
    0.9876633866940814,
    0.9882508444705537,
    0.9898663533558526,
    0.9895726244676164,
    0.9889851666911441,
    0.9889851666911441,
    0.9886914378029079,
    0.9889851666911441,
    0.9895726244676164,
    0.988838302247026
  ]
}