{
  "train_loss": [
    3.4963975174768387,
    3.3109818124875385,
    3.1446795606888607,
    2.9385047726599884,
    2.7018689707440475,
    2.47733604692844,
    2.290160037181049,
    2.1338002230510176,
    1.9624744110235652,
    1.8086356635520244,
    1.6625789434300333,
    1.5404586359055608,
    1.4165459698825555,
    1.3090409478873257,
    1.2010054156159395,
    1.1037295017396185,
    1.008816549382008,
    0.9153652258390219,
    0.8341454379898827,
    0.7638977841085034,
    0.6808886645664329,
    0.6275543925041731,
    0.5592616935423843,
    0.49666402618963085,
    0.4370896974480933,
    0.4009663160248527,
    0.3528319551024937,
    0.30217152644081435,
    0.27443353588075864,
    0.2320337354026129,
    0.20029963018151808,
    0.1721582298610903,
    0.1517430549248995,
    0.1230110785660103,
    0.10808237982396961,
    0.09054208184062008,
    0.07761976882576581,
    0.06222393383288375,
    0.0504263459980587,
    0.03982805540082287,
    0.03259127274890438,
    0.025996701465504726,
    0.02152289723817753,
    0.017489096856234742,
    0.013898450909813726,
    0.011183398675484398,
    0.009690061360884536,
    0.007921724255886982,
    0.00776320900129146,
    0.00717584890779427
  ],
  "train_acc": [
    0.07117913906204106,
    0.11362227081361574,
    0.14446330080610947,
    0.18442609575405502,
    0.23599099246108154,
    0.2892855977285337,
    0.3326099017656082,
    0.37180575046506315,
    0.4152605985444339,
    0.45357527495838906,
    0.49673639894259325,
    0.5283443751835776,
    0.5632975425084038,
    0.5927189060409256,
    0.6221565875787344,
    0.6521817173068765,
    0.6783557977872785,
    0.7063085408439672,
    0.7311608628961196,
    0.7517868215789302,
    0.7766228256257955,
    0.7944420873992363,
    0.8156881302829542,
    0.8353513266538298,
    0.8542149407656409,
    0.8658333605300088,
    0.8820860937958944,
    0.8994321334160112,
    0.9074442740119448,
    0.9227831989817564,
    0.9318233739107732,
    0.9407819588133547,
    0.9495936816683529,
    0.9584706765444992,
    0.964198296400248,
    0.9702522763617375,
    0.9746907737998107,
    0.98014098756568,
    0.9836330406971052,
    0.9879573120981692,
    0.9898012466956039,
    0.9921510394569368,
    0.9936522959433439,
    0.9953820045037695,
    0.9965405828791488,
    0.9968669429848895,
    0.9978786593126856,
    0.9981887014131393,
    0.9983681994712966,
    0.9986456055611762
  ],
  "val_loss": [
    3.4152680140162097,
    3.2540025786342275,
    3.088029503454667,
    2.95739167257279,
    2.586634916082005,
    2.548924475343659,
    2.2759253037520346,
    2.2473685601713864,
    2.0181812115362656,
    1.9762734325293805,
    1.7328190224726376,
    1.7054762989085648,
    1.5679733320766476,
    1.5149658464758664,
    1.4360570284847227,
    1.3734346911287076,
    1.3276663293816091,
    1.3610940179840236,
    1.3155414868090922,
    1.2445208288478613,
    1.3105123094182511,
    1.2583715016839436,
    1.2353528050323086,
    1.2425428169521926,
    1.2022411845507366,
    1.2742030336076353,
    1.1914073935092888,
    1.2875671477408148,
    1.266661674585229,
    1.2639291067448355,
    1.3483972190970244,
    1.3477042474258591,
    1.3231344798322395,
    1.4018069537380295,
    1.2995348349333964,
    1.3947259034506811,
    1.3459371569652463,
    1.4071849930704838,
    1.445036317803538,
    1.4377821236389257,
    1.4215205479760689,
    1.4386358209023271,
    1.4442904422874578,
    1.43313323217598,
    1.4049340663265772,
    1.4249810174639346,
    1.4235962608396648,
    1.4203435381807967,
    1.4244756724869807,
    1.4209500552624363
  ],
  "val_acc": [
    0.09693053311793215,
    0.1267440152739022,
    0.1503891907769129,
    0.17667792627404905,
    0.2595094727566456,
    0.2762520193861066,
    0.3392568659127625,
    0.3485093258922015,
    0.4098986635335585,
    0.4288441768247907,
    0.47481274783374944,
    0.4896460566896754,
    0.5188720810691732,
    0.5398736965780585,
    0.5677779409604935,
    0.583639300925246,
    0.6072844764282567,
    0.5942135409017477,
    0.6075782053164929,
    0.6299016008224408,
    0.6288735497136143,
    0.6387134674695256,
    0.658099574093112,
    0.661771185196064,
    0.67660449405199,
    0.6680863562931414,
    0.6901160229108533,
    0.683947716257894,
    0.6890879718020267,
    0.6983404317814657,
    0.6907034806873256,
    0.7008371273314731,
    0.7027463651050081,
    0.7112645028638567,
    0.7221324717285945,
    0.7215450139521222,
    0.7287413717139081,
    0.7203700983991775,
    0.7243354383903657,
    0.7340284917021589,
    0.7337347628139228,
    0.7297694228227346,
    0.7393156116904097,
    0.7399030694668821,
    0.7428403583492437,
    0.7423997650168894,
    0.7444558672345425,
    0.7437215450139522,
    0.7428403583492437,
    0.7437215450139522
  ]
}