{
  "train_loss": [
    3.4855110534725737,
    3.305446632848132,
    3.1383472531143966,
    2.942322873535435,
    2.700196324034065,
    2.4736096232838687,
    2.2797027081314365,
    2.0880993461216724,
    1.9087339757740847,
    1.7466145147834853,
    1.592664368543771,
    1.466480570103099,
    1.3476871906483572,
    1.2300781165840367,
    1.130357321931575,
    1.021392026966419,
    0.9296998416026296,
    0.8475315577756417,
    0.7677586365530422,
    0.6844684357143741,
    0.612419382441406,
    0.5478956828536456,
    0.48593687185212964,
    0.4287726505552562,
    0.3793413033879444,
    0.3356890030012426,
    0.2867869647791622,
    0.2545816998721251,
    0.22255514441961674,
    0.19292986972078105,
    0.16764834469998188,
    0.14151372493961017,
    0.117951152080819,
    0.09597138897144258,
    0.08413963968404213,
    0.07127529185456546,
    0.05492930211386253,
    0.04536965853053461,
    0.035391071637886504,
    0.03132569635433004,
    0.022253396692687152,
    0.017021548434440797,
    0.014315443557390542,
    0.011441917677530401,
    0.009376264696920171,
    0.006900176048465554,
    0.005363608697489299,
    0.005456651160877377,
    0.004553240789165269,
    0.004477085355935639
  ],
  "train_acc": [
    0.07520968636793839,
    0.11195783427433831,
    0.14713945367318298,
    0.18488299990209198,
    0.2339675598054894,
    0.28894291961750596,
    0.3349760125322281,
    0.382869358049672,
    0.4289024509643941,
    0.46893051793348783,
    0.5116836917855161,
    0.5505531803792304,
    0.5818674325250481,
    0.6155477954374857,
    0.6421787800659248,
    0.6744721125289644,
    0.7019353154270422,
    0.7274240396853888,
    0.7513462354361803,
    0.7761169674618975,
    0.7980646845729578,
    0.8194249534936849,
    0.8391044678698476,
    0.859142978362325,
    0.8720994745602297,
    0.8876505335987729,
    0.9035279527430566,
    0.9144283802747952,
    0.9256714859175614,
    0.9342710747038282,
    0.9429522535165301,
    0.9522861525407135,
    0.9595476648934435,
    0.9677393035475343,
    0.9716556248164224,
    0.9768121144871251,
    0.9818217421102444,
    0.9857543813844196,
    0.9892790705264188,
    0.9902255148330668,
    0.9932769818217421,
    0.9951209164191769,
    0.9958389086518064,
    0.9969485330113247,
    0.9976502072386672,
    0.9983845174765836,
    0.9989230116510558,
    0.9987435135928984,
    0.9990698736986391,
    0.999037237688065
  ],
  "val_loss": [
    3.4495687206370276,
    3.2382153663223474,
    3.0851559802848243,
    2.9236327044710677,
    2.693713447809184,
    2.4376292213292037,
    2.262776717825912,
    2.134508732815184,
    1.9160084246818776,
    1.8260335298620283,
    1.7275450058420387,
    1.6253975489920747,
    1.5923988171515966,
    1.4163419052724324,
    1.3388062202207387,
    1.372150156007392,
    1.3286376467078842,
    1.3203152097397255,
    1.1978230875727889,
    1.3023185675531814,
    1.1715095049660187,
    1.1928368406264962,
    1.2190741329120283,
    1.2599095778241873,
    1.2683324613905913,
    1.2212398755321034,
    1.2335883204431712,
    1.2238599281511322,
    1.277377295798712,
    1.3223744810441638,
    1.3582202672153023,
    1.3690258033966454,
    1.3444608003316882,
    1.4115917798548057,
    1.4319256802175273,
    1.4552226011965625,
    1.4606839769788909,
    1.4868229176788397,
    1.4577817291148276,
    1.4769574706469326,
    1.4811753069781963,
    1.4980993725021323,
    1.5057482430896039,
    1.492105191631768,
    1.510758917383168,
    1.4825962123445064,
    1.4928683766815907,
    1.4709089730240767,
    1.4782738535742803,
    1.4736482375062743
  ],
  "val_acc": [
    0.08899985313555588,
    0.12689087971802027,
    0.1596416507563519,
    0.1912175062417389,
    0.23483624614480833,
    0.3053311793214863,
    0.342047290351006,
    0.3640769569687179,
    0.4325157879277427,
    0.4483771478924952,
    0.4790718167131737,
    0.5058011455426641,
    0.5197532677338816,
    0.5683653987369658,
    0.5842267587017184,
    0.5861359964752534,
    0.6047877808782494,
    0.6096343075341459,
    0.6391540608018799,
    0.6279923630489058,
    0.6603025407548833,
    0.6607431340872375,
    0.6642678807460713,
    0.6641210163019533,
    0.6751358496108092,
    0.6798355118225877,
    0.6978998384491115,
    0.6955500073432223,
    0.6998090762226465,
    0.6934939051255691,
    0.6993684828902923,
    0.7040681451020708,
    0.7095021295344397,
    0.711851960640329,
    0.7178734028491702,
    0.7208106917315318,
    0.7187545895138787,
    0.7256572183874284,
    0.7321192539286239,
    0.7366720516962844,
    0.7369657805845204,
    0.7338816272580408,
    0.7407842561315905,
    0.7374063739168747,
    0.7425466294610075,
    0.743427816125716,
    0.7459245116757233,
    0.7485680716698487,
    0.7469525627845499,
    0.7481274783374945
  ]
}