{
  "train_loss": [
    1.96265681068275,
    1.006472273661688,
    0.669653979478868,
    0.480085905347705,
    0.3611544922929392,
    0.26964989102527515,
    0.2110323406913247,
    0.16959921360309604,
    0.1342876323858871,
    0.11745479795264165,
    0.09611790312425472,
    0.08487428143097217,
    0.07067847462368985,
    0.05897741147504922,
    0.05733673525163529,
    0.048107339436475445,
    0.042674480473902855,
    0.03816724396814842,
    0.03646282780074053,
    0.026112753374083895,
    0.024284874872362826,
    0.02457908595127399,
    0.020314715292293905,
    0.01794354719016552,
    0.014594611676876642,
    0.014796089405941147,
    0.011263570717910048,
    0.010111438065171341,
    0.008834682984317058,
    0.00678848770143315,
    0.004965789833809645,
    0.005360900970589959,
    0.004581154239039688,
    0.003145625838564113,
    0.0022242018531494477,
    0.0024628966510852387,
    0.0013241877442652615,
    0.0017060414702982866,
    0.0007401709378636524,
    0.0007177686582216005,
    0.0004818592672692117,
    0.000379653478240456,
    0.00027485364123310647,
    0.00023022207772120472,
    0.00022892056602043175,
    0.00015597266840428905,
    0.0001603412583818388,
    0.00014256016243883088,
    0.00010069030479909048,
    0.00010249295381672975
  ],
  "train_acc": [
    0.42603048203387617,
    0.6892888613295911,
    0.7893671877549688,
    0.8474592865768088,
    0.8842400704937828,
    0.9136451160210176,
    0.9326392741751248,
    0.9453836363042981,
    0.9566920139682126,
    0.9624359518292483,
    0.9693058320550896,
    0.9731405632975425,
    0.977252700629875,
    0.981593290036226,
    0.9814627459939297,
    0.9851506151887993,
    0.9863581475800398,
    0.987908358082308,
    0.9884631702620672,
    0.9913677752031592,
    0.9922979015045201,
    0.9923142195098071,
    0.9942234261283901,
    0.994680330276427,
    0.9958552266570935,
    0.995186188440325,
    0.9965569008844359,
    0.9970464410430468,
    0.997584935217519,
    0.9981397473972782,
    0.9986782415717502,
    0.9985150615188799,
    0.9987924676087595,
    0.9991840997356484,
    0.9993962338043798,
    0.9992820077673705,
    0.9996899578995464,
    0.9996246858783983,
    0.9999020919682778,
    0.9999020919682778,
    0.9999020919682778,
    0.9999184099735648,
    0.999967363989426,
    0.999967363989426,
    0.999983681994713,
    0.999983681994713,
    0.999967363989426,
    0.999967363989426,
    1.0,
    1.0
  ],
  "val_loss": [
    1.7673063381142966,
    1.2578499672048364,
    1.7061506371645871,
    0.5675366478513246,
    0.4466402480861027,
    0.9804358637828382,
    0.5205164884904667,
    0.3778442958716447,
    0.31273995532672966,
    0.31901788920763746,
    1.6595288140253097,
    0.4236031965565832,
    0.3153982132581349,
    0.22632369796493396,
    0.4505695968511819,
    0.25386083648232466,
    0.742422202668503,
    0.3478324530337907,
    0.1869042452858625,
    0.2502005616834045,
    0.2657532027760762,
    0.2715140374694422,
    0.1993752406883527,
    0.20624798099048197,
    0.15618126762475293,
    0.16664573632756252,
    0.15981320996657572,
    0.13703824082499716,
    0.14189171100989748,
    0.2709755265431741,
    0.12526843953319086,
    0.1535828656671939,
    0.14848724913967065,
    0.1257831350205263,
    0.10448473541484318,
    0.11100761592169309,
    0.10776412067052651,
    0.11042067972963156,
    0.09992448018554952,
    0.10473037176797097,
    0.10609387442221208,
    0.10148560302530373,
    0.09931037158927285,
    0.09573925377434221,
    0.09532662150011677,
    0.09278165999313584,
    0.09121973035939969,
    0.09088125366146939,
    0.09165121533317479,
    0.09091448787622233
  ],
  "val_acc": [
    0.48538698781025114,
    0.6419444852401234,
    0.5831987075928917,
    0.8189161404024086,
    0.8595975914231164,
    0.7625201938610663,
    0.8424144514613012,
    0.8823615802614188,
    0.8993978557791159,
    0.901453957996769,
    0.7090615362020855,
    0.8813335291525921,
    0.9064473490967837,
    0.9292113379350859,
    0.8835364958143633,
    0.925686591276252,
    0.843883095902482,
    0.907181671317374,
    0.9452195623439565,
    0.9322954912615655,
    0.9273021001615509,
    0.9290644734909679,
    0.9458070201204288,
    0.9408136290204142,
    0.9528565134380966,
    0.9535908356586871,
    0.9541782934351594,
    0.9606403289763549,
    0.9565281245410486,
    0.9336172712586283,
    0.9643119400793068,
    0.9574093112057571,
    0.9566749889851667,
    0.966661771185196,
    0.9695990600675577,
    0.968571008958731,
    0.9697459245116757,
    0.9707739756205023,
    0.9741518578352181,
    0.9734175356146277,
    0.9756205022763988,
    0.9732706711705096,
    0.9748861800558085,
    0.9756205022763988,
    0.9756205022763988,
    0.975767366720517,
    0.9767954178293435,
    0.9767954178293435,
    0.9765016889411073,
    0.9769422822734616
  ]
}