{
  "train_loss": [
    1.47410775856609,
    0.599807808571239,
    0.3778986879579898,
    0.27042039838430443,
    0.21466092058959524,
    0.17306047427444568,
    0.14489166054828823,
    0.12566023857166903,
    0.10913265271644898,
    0.0997235182487818,
    0.08668504129703881,
    0.07671716497958568,
    0.07171475840977132,
    0.06621372864160466,
    0.05751207114133576,
    0.05155867440209314,
    0.050521664806217295,
    0.0442230848787655,
    0.03846641180117756,
    0.035903576383982554,
    0.03142736009335936,
    0.027373091204857914,
    0.02642469345672356,
    0.02076867247575829,
    0.020865341619573114,
    0.01558131848472473,
    0.016884824403559432,
    0.014609141860414147,
    0.011318871812396476,
    0.011286309202236573,
    0.007960589976261477,
    0.008096083242464937,
    0.0055698527123559365,
    0.005257713715353131,
    0.0029749317851936042,
    0.0033075210728403647,
    0.0029548381818371118,
    0.0017098876671398917,
    0.0018574604983118284,
    0.001748717903792041,
    0.001364865499043491,
    0.0012876545825421658,
    0.0007857995452497814,
    0.000579843848778578,
    0.0006139720452245668,
    0.0006019378925381225,
    0.0007359547296961524,
    0.00045108067834119276,
    0.0005679746034988352,
    0.0007442288040659487
  ],
  "train_acc": [
    0.5666590515975327,
    0.8108090467021312,
    0.8791978068600894,
    0.9136124800104435,
    0.9305832055089586,
    0.9436212917332986,
    0.9533305048790836,
    0.9590418067295454,
    0.9645083385007017,
    0.9682288437061454,
    0.9717372148428576,
    0.9759309422016252,
    0.9768121144871251,
    0.9785581410528377,
    0.9814464279886427,
    0.9835840866812441,
    0.984008354818707,
    0.9863255115694658,
    0.9872393198655396,
    0.9885121242779282,
    0.9900296987696224,
    0.9910740511079925,
    0.991792043340622,
    0.9933259358376032,
    0.9933912078587513,
    0.9950556443980287,
    0.9945824222447048,
    0.9954309585196306,
    0.9963774028262785,
    0.9965242648738618,
    0.997552299206945,
    0.9975196631963709,
    0.9983192454554355,
    0.9982539734342873,
    0.9990535556933521,
    0.9990698736986391,
    0.9991514637250742,
    0.9994451878202408,
    0.9993472797885187,
    0.999526777846676,
    0.9995594138572501,
    0.9995920498678241,
    0.9997062759048334,
    0.9998205019418426,
    0.9998694559577037,
    0.9998694559577037,
    0.9998205019418426,
    0.9998531379524167,
    0.9998368199471297,
    0.9997552299206945
  ],
  "val_loss": [
    0.7278774727859727,
    0.448500124000386,
    0.3222394377400231,
    0.26801481841462776,
    0.24704515500458385,
    0.20890009183508304,
    0.18773605457055295,
    0.16136869590751085,
    0.18452779820057846,
    0.18151171017235193,
    0.18386060875730173,
    0.14486611192308171,
    0.15432481629279385,
    0.1224756317647551,
    0.12575635798893708,
    0.13773550287331024,
    0.13489550915280682,
    0.11920924771006482,
    0.13665902867040278,
    0.140816437790518,
    0.11448714775846783,
    0.11805407235883493,
    0.09999940825158746,
    0.09710713258225956,
    0.09689061268202535,
    0.08882669940767123,
    0.10674615139610828,
    0.08327975012008773,
    0.07364830454445709,
    0.07408862658851292,
    0.0749751166373469,
    0.06598079578386253,
    0.07271972424222481,
    0.06729390640134392,
    0.07376093483631098,
    0.0711084633824581,
    0.0721657076462108,
    0.06560572966982459,
    0.07018338694723301,
    0.06464065566157856,
    0.0617536357766059,
    0.06280853738393365,
    0.06267819307519383,
    0.058072353101589966,
    0.05984161002171993,
    0.05965003866759633,
    0.05772382763754155,
    0.057101999395115774,
    0.05583602103551495,
    0.05677313227320144
  ],
  "val_acc": [
    0.7758848582758114,
    0.8581289469819356,
    0.8952856513438097,
    0.9174621824056396,
    0.9236304890585989,
    0.9371420179174622,
    0.9416948156851226,
    0.9493317667792628,
    0.9462476134527831,
    0.9475693934498458,
    0.9471288001174916,
    0.9599060067557644,
    0.9578499045381114,
    0.9616683800851814,
    0.9624027023057717,
    0.9603466000881187,
    0.960934057864591,
    0.9640182111910707,
    0.9638713467469525,
    0.966661771185196,
    0.968424144514613,
    0.9679835511822588,
    0.971948891173447,
    0.9747393156116904,
    0.9766485533852254,
    0.9754736378322808,
    0.9710677045087385,
    0.9785577911587605,
    0.9789983844911146,
    0.979585842267587,
    0.9810544867087678,
    0.9831105889264209,
    0.9813482155970039,
    0.9816419444852401,
    0.9835511822587751,
    0.9836980467028932,
    0.9835511822587751,
    0.9851666911440741,
    0.983257453370539,
    0.9864884711411367,
    0.9853135555881921,
    0.9859010133646644,
    0.9861947422529006,
    0.9869290644734909,
    0.9869290644734909,
    0.9872227933617271,
    0.9870759289176091,
    0.9869290644734909,
    0.9875165222499633,
    0.9869290644734909
  ]
}