{
  "train_loss": [
    3.4808867201085056,
    3.294495057672197,
    3.102953706808997,
    2.8664696318903813,
    2.627600608639686,
    2.431898212180756,
    2.242768360707013,
    2.0613850360478323,
    1.8904553444484113,
    1.7409932962040815,
    1.589869406643395,
    1.4611141868338082,
    1.3242862151826216,
    1.2082029487036183,
    1.1044499054383345,
    1.0007162025331895,
    0.8974127570022931,
    0.806142759978283,
    0.727724441414904,
    0.6561953393952591,
    0.5732982744105681,
    0.5140231608982665,
    0.45913968682736533,
    0.4031226778967232,
    0.3504753181168781,
    0.3088049259008695,
    0.2663752280297508,
    0.2382514391554378,
    0.20717761000766483,
    0.17553389026315602,
    0.1448497938633603,
    0.1262346460580289,
    0.10231444039157576,
    0.0900518595306693,
    0.07385977855149964,
    0.06398167012312919,
    0.04873613045088854,
    0.04213480719705812,
    0.03197794663820895,
    0.02521315836096428,
    0.021638854978710237,
    0.015193024605171227,
    0.01172463393998027,
    0.009487925075036631,
    0.00780635357860143,
    0.005832226610359567,
    0.005307446715531487,
    0.003718955620847574,
    0.0038376750030528783,
    0.00321785891314002
  ],
  "train_acc": [
    0.07230508142684638,
    0.1120067882901994,
    0.15050096276231192,
    0.19702359583564505,
    0.2514930974837636,
    0.2956496197904768,
    0.33975718808132893,
    0.38822166378381906,
    0.43314513233902285,
    0.47403805358832934,
    0.5144577526843118,
    0.5496393720831566,
    0.5886067687085931,
    0.6174733200613557,
    0.6503867367253027,
    0.6800039163212689,
    0.7123298847948827,
    0.7385202832805717,
    0.7625240690577983,
    0.7846839202375901,
    0.81076009268627,
    0.8293299827029144,
    0.8468392023759016,
    0.8644136940700369,
    0.8827877680232369,
    0.8965928004960674,
    0.9099246108155739,
    0.920156000130544,
    0.9301263013609217,
    0.9408472308345028,
    0.9507848960543063,
    0.9575895042589994,
    0.96561796286022,
    0.9701054143141542,
    0.9758330341699031,
    0.9786070950686988,
    0.9841062628504291,
    0.9858359714108548,
    0.9898991547273261,
    0.9918083613459091,
    0.9930322117424366,
    0.9954146405143435,
    0.9967200809373062,
    0.9973564831435006,
    0.9979765673444079,
    0.9984661075030188,
    0.9986945595770373,
    0.9992820077673705,
    0.9992167357462224,
    0.999526777846676
  ],
  "val_loss": [
    3.400874158537393,
    3.265837418803701,
    2.941890824784755,
    2.7385885925926043,
    2.5347443716976676,
    2.347379466303471,
    2.198121349302783,
    2.1766309356143214,
    1.8399476695295331,
    1.7865381465292236,
    1.8054305077789639,
    1.6047809740435728,
    1.5818398899576145,
    1.3961864037912206,
    1.4496114465839836,
    1.380493846001263,
    1.3782123523340437,
    1.2924597639049407,
    1.2851916490313344,
    1.2155974748324045,
    1.1878447358015438,
    1.2123391137001955,
    1.4641838654632837,
    1.2254260202426885,
    1.3930690128524181,
    1.309192433005686,
    1.2915051110884328,
    1.3042330284233503,
    1.2495113310440642,
    1.3706416121697282,
    1.5035349657084207,
    1.387663988854185,
    1.516317850798653,
    1.4397041976565674,
    1.4711656934942927,
    1.4312676016604047,
    1.4755021804123833,
    1.466521831454466,
    1.5242467563326338,
    1.4958497159262905,
    1.520812749319935,
    1.5389027472266472,
    1.5319585076406466,
    1.5188917445268098,
    1.5085033995759594,
    1.5302440492324951,
    1.5097090155564665,
    1.5107792422781607,
    1.510730001610935,
    1.5112796360953717
  ],
  "val_acc": [
    0.08356586870318695,
    0.11455426641210163,
    0.18358055514759877,
    0.22631810838595975,
    0.2683213394037304,
    0.3087090615362021,
    0.34968424144514615,
    0.35923043031282126,
    0.4445586723454252,
    0.4570421500954619,
    0.46365105008077545,
    0.5121163166397416,
    0.5282714054927302,
    0.5674842120722573,
    0.568659127625202,
    0.583639300925246,
    0.5942135409017477,
    0.620942869731238,
    0.6278454986047878,
    0.6482596563372007,
    0.64679101189602,
    0.6548685563225143,
    0.6177118519606404,
    0.6713173740637391,
    0.6478190630048465,
    0.6713173740637391,
    0.6882067851373183,
    0.6934939051255691,
    0.7040681451020708,
    0.695256278454986,
    0.6833602584814217,
    0.7008371273314731,
    0.6890879718020267,
    0.708180349537377,
    0.7108239095315024,
    0.7206638272874137,
    0.7216918783962403,
    0.7241885739462476,
    0.7218387428403583,
    0.7366720516962844,
    0.730503745043325,
    0.7302100161550888,
    0.7335878983698046,
    0.7394624761345279,
    0.7390218828021736,
    0.7368189161404024,
    0.7421060361286532,
    0.7426934939051256,
    0.743427816125716,
    0.7444558672345425
  ]
}