{
  "train_loss": [
    1.8663131776636768,
    0.9690415618798273,
    0.6470127665859605,
    0.4688574959332216,
    0.35033994818464403,
    0.26144064393924643,
    0.2110814488343395,
    0.1653147889414553,
    0.1374282961415426,
    0.11634210325496198,
    0.09829921209433033,
    0.08360219691485495,
    0.07469984234706516,
    0.059473700415083965,
    0.05330413363239075,
    0.04908416760228079,
    0.043818375099433204,
    0.03926440117736814,
    0.033733906213549505,
    0.030315435379011674,
    0.026587955599929703,
    0.022340368014269717,
    0.02108612899051473,
    0.016652662323900634,
    0.015890614785147195,
    0.014752660869568127,
    0.009761784676151049,
    0.011778930367131478,
    0.008321071644847211,
    0.006751451151976761,
    0.005184767103530826,
    0.005002208154968355,
    0.004417885618516347,
    0.0035026441673596267,
    0.003147722282639471,
    0.001947570718944892,
    0.0010729756905810779,
    0.0013696105139163364,
    0.0005529666961578432,
    0.000627648353439926,
    0.0005456312320303974,
    0.000349546637420156,
    0.00030564600069429984,
    0.00026110190564885535,
    0.00017034571739031853,
    0.00012344096450094122,
    0.00016439422444135726,
    0.00011547670939817463,
    0.00011489492752629073,
    8.916384300532469e-05
  ],
  "train_acc": [
    0.45195979243497275,
    0.7008420090728109,
    0.7968408341764303,
    0.8510818837505303,
    0.8875526255670507,
    0.9156359126660357,
    0.9315296498156065,
    0.9472112528964459,
    0.9561861558043144,
    0.96176691361248,
    0.9680982996638491,
    0.9729121112235241,
    0.9751966319637088,
    0.9810221598511798,
    0.9829476844750498,
    0.98503638915179,
    0.9862112855324565,
    0.987940994092882,
    0.9896543846480206,
    0.9902744688489279,
    0.9918899513723443,
    0.9931301197741588,
    0.9935054338957606,
    0.9952677784667602,
    0.995186188440325,
    0.9955288665513528,
    0.9973238471329264,
    0.9965569008844359,
    0.9975359812016579,
    0.9980255213602689,
    0.998547697529454,
    0.9985313795241669,
    0.9987435135928984,
    0.9991840997356484,
    0.9990861917039261,
    0.9996083678731111,
    0.9997878659312686,
    0.9997225939101204,
    0.9998857739629907,
    0.9998694559577037,
    0.9999184099735648,
    0.9999020919682778,
    0.999967363989426,
    0.9999510459841389,
    0.999983681994713,
    1.0,
    0.9999510459841389,
    1.0,
    0.999983681994713,
    1.0
  ],
  "val_loss": [
    1.730276664179806,
    0.8458821521857216,
    1.0140932261514881,
    0.8598975946959603,
    0.4585725569063249,
    1.0914065364104288,
    0.8984857843142456,
    0.3982077169250262,
    0.3510776145559065,
    0.2849565933186729,
    0.4169157559361502,
    0.46190328274744513,
    0.6196764744418818,
    0.2949485597079643,
    0.27154092594624474,
    0.21125613600901963,
    0.24853871988874207,
    0.2093207241598293,
    0.31388813335126253,
    0.21988356947507132,
    0.25580914306525077,
    0.29860538557524163,
    0.3960201710283117,
    0.19661862110640574,
    0.15902544628078671,
    0.15590808657531413,
    0.2765337625475493,
    0.1466313726417113,
    0.16363076328408405,
    0.12484484560306766,
    0.1276185290238016,
    0.16226693866168512,
    0.1368877967796456,
    0.1287701044506304,
    0.1958457618871919,
    0.11302490466525857,
    0.12035884937734606,
    0.10888303488023543,
    0.10830535427628218,
    0.10827249021458546,
    0.10427314105197046,
    0.10470223938205078,
    0.0938522624250638,
    0.09200858831857554,
    0.09238607007830969,
    0.09254300909329964,
    0.09091661491480946,
    0.09301832155847695,
    0.09011609174516602,
    0.091665263076264
  ],
  "val_acc": [
    0.5294463210456748,
    0.7321192539286239,
    0.7260978117197826,
    0.7385812894698194,
    0.8562197092084006,
    0.7302100161550888,
    0.7829343515934792,
    0.877221324717286,
    0.8888236158026142,
    0.908797180202673,
    0.882949038037891,
    0.8816272580408283,
    0.8635629314143046,
    0.9165809957409311,
    0.9236304890585989,
    0.936848289029226,
    0.9273021001615509,
    0.9383169334704068,
    0.9170215890732853,
    0.938610662358643,
    0.9295050668233221,
    0.9189308268468204,
    0.9130562490820973,
    0.9468350712292554,
    0.9553532089881039,
    0.9584373623145837,
    0.9327360845939198,
    0.9574093112057571,
    0.9519753267733881,
    0.9660743134087237,
    0.962843295638126,
    0.9599060067557644,
    0.9634307534145983,
    0.9668086356293142,
    0.9508004112204436,
    0.9709208400646203,
    0.9697459245116757,
    0.9723894845058011,
    0.9734175356146277,
    0.9735644000587458,
    0.9723894845058011,
    0.9723894845058011,
    0.9753267733881628,
    0.9766485533852254,
    0.9756205022763988,
    0.9767954178293435,
    0.9769422822734616,
    0.9770891467175796,
    0.9770891467175796,
    0.9775297400499339
  ]
}