{
  "train_loss": [
    1.901170985454609,
    0.9824510535093298,
    0.657157001984866,
    0.47472262215895994,
    0.3590565757087198,
    0.2724522345643656,
    0.21291766548813457,
    0.17374732248590374,
    0.1389919915780445,
    0.11932927003779364,
    0.09982596074370875,
    0.08376479953034327,
    0.07361295655686349,
    0.0656891101440882,
    0.057397023807722464,
    0.05325329787745916,
    0.04370323119513689,
    0.03832291733870007,
    0.03489915166508668,
    0.031305037558715595,
    0.028339858329819192,
    0.024624290774116465,
    0.019930715160582674,
    0.01869184846511034,
    0.015212147345913597,
    0.011398796385442816,
    0.012528292539474701,
    0.01123996700038338,
    0.007712272252208061,
    0.008022065715664183,
    0.0065219851609734395,
    0.0057995296647971395,
    0.0033101641060649203,
    0.004121958968237768,
    0.002232244653872949,
    0.0020190754803897574,
    0.0008793947614308416,
    0.0010436795592825483,
    0.0008542144105223335,
    0.0006742187028924239,
    0.0005423744655881747,
    0.0003552594199973064,
    0.00024335948143659527,
    0.00019944536402182538,
    0.00016025599773212854,
    0.00012218615260283338,
    0.00013512057060664057,
    0.0001805622328450303,
    0.00012190936575872437,
    0.00010371350584740017
  ],
  "train_acc": [
    0.44411083189190953,
    0.6942332169315623,
    0.794246271335792,
    0.8487320909891974,
    0.8857250089749029,
    0.9126823537090826,
    0.9313501517574492,
    0.9437355177703077,
    0.9553049835188147,
    0.9615710975490356,
    0.9675434874840899,
    0.9739890995724683,
    0.9766815704448288,
    0.9788518651480043,
    0.9818054241049574,
    0.9822460102477073,
    0.9859012434320029,
    0.9877288600241506,
    0.9890016644365393,
    0.9898828367220391,
    0.9914493652295944,
    0.9925263535785386,
    0.9940276100649457,
    0.9942560621389641,
    0.9957410006200842,
    0.9968179889690284,
    0.9963121308051304,
    0.9966548089161581,
    0.9977154792598153,
    0.9978949773179726,
    0.9981723834078522,
    0.9982050194184263,
    0.9991188277145002,
    0.9988087856140465,
    0.9995430958519631,
    0.999494141836102,
    0.9998531379524167,
    0.9997878659312686,
    0.9997715479259816,
    0.9998694559577037,
    0.9999020919682778,
    0.9999510459841389,
    0.999967363989426,
    0.999967363989426,
    1.0,
    0.999983681994713,
    0.999983681994713,
    0.999967363989426,
    0.999983681994713,
    0.999983681994713
  ],
  "val_loss": [
    1.3888076528576365,
    1.0897046825157106,
    0.729722097890285,
    0.5587732687730379,
    0.7084323016797801,
    1.132976868697455,
    0.4511442581695823,
    0.8317514374613639,
    0.3560935838804807,
    0.7445682858751986,
    1.1330059908581018,
    0.3843338467297811,
    0.36187475960866383,
    0.5470580309476248,
    0.4239489086850972,
    0.44125227729712907,
    0.22024261181987248,
    0.2635260455530284,
    0.26898011448345166,
    0.21169808458272607,
    0.26221715600362067,
    0.218947010000716,
    0.22862403356507235,
    0.19178840869462932,
    0.17890606014795776,
    0.18774657671208914,
    0.22348466772465195,
    0.18741943703066813,
    0.21891348969526692,
    0.17121199812460514,
    0.1709190101057339,
    0.13647340332416558,
    0.11847490724299269,
    0.12664746928931087,
    0.14132264102191577,
    0.1514404119417905,
    0.11485666912204982,
    0.1153141154433981,
    0.11634544760233892,
    0.11251942500338573,
    0.10717243090532376,
    0.10500020475970313,
    0.09877806417135208,
    0.09996699830792097,
    0.0997139435184345,
    0.10040303460546773,
    0.09878952707069476,
    0.09858998954886994,
    0.0984437600201367,
    0.09841090786826254
  ],
  "val_acc": [
    0.5831987075928917,
    0.6710236451755031,
    0.7623733294169481,
    0.8236158026141871,
    0.776912909384638,
    0.7293288294903804,
    0.8571008958731091,
    0.793655456014099,
    0.8879424291379057,
    0.8133352915259215,
    0.7202232339550595,
    0.8894110735790866,
    0.8976354824496989,
    0.8582758114260538,
    0.8982229402261712,
    0.879277426934939,
    0.9324423557056837,
    0.9278895579380232,
    0.9273021001615509,
    0.942282273461595,
    0.9255397268321339,
    0.9396387134674695,
    0.9380232045821707,
    0.94419151123513,
    0.9502129534439712,
    0.9488911734469085,
    0.94037303568806,
    0.9477162578939639,
    0.94037303568806,
    0.9546188867675136,
    0.9563812600969306,
    0.9638713467469525,
    0.9698927889557938,
    0.9653399911881334,
    0.962843295638126,
    0.9625495667498899,
    0.9718020267293288,
    0.9695990600675577,
    0.9710677045087385,
    0.9712145689528565,
    0.9725363489499192,
    0.9741518578352181,
    0.9766485533852254,
    0.9765016889411073,
    0.975914231164635,
    0.9766485533852254,
    0.9766485533852254,
    0.9765016889411073,
    0.9762079600528712,
    0.9765016889411073
  ]
}