{
  "train_loss": [
    1.4732591443155045,
    0.59445895663262,
    0.3742357457043207,
    0.27537934648040274,
    0.20925863284572313,
    0.17260718934568894,
    0.14743688239028374,
    0.12366835154447826,
    0.11112455762493591,
    0.10059578090187371,
    0.08790723219789147,
    0.08580358604211827,
    0.06670928652773389,
    0.06501548269574595,
    0.0606432469963331,
    0.05022397341189588,
    0.047512750435694834,
    0.04148442566006271,
    0.038559212679167607,
    0.03517762468450277,
    0.034099015356596346,
    0.027853089731894765,
    0.028323116464525348,
    0.020104589352192056,
    0.017762002926799466,
    0.01953712613367395,
    0.014925192121087552,
    0.01314637972109319,
    0.011691364164418872,
    0.012293398409460308,
    0.00837942516013132,
    0.006353083274207373,
    0.005793740285531857,
    0.005021854706475981,
    0.005634776598431352,
    0.003376508003414821,
    0.0028936006433950313,
    0.0025316497636224547,
    0.0022165849374486974,
    0.0014156429820753086,
    0.001134182945737319,
    0.000870835780711685,
    0.0007253858930526168,
    0.0006942033654879991,
    0.0008949173002172448,
    0.0006542592975211114,
    0.0006410550800384136,
    0.0005914066752209018,
    0.00037956692594270144,
    0.00048277305797064806
  ],
  "train_acc": [
    0.5653209751639959,
    0.8139910577331027,
    0.8796383930028393,
    0.9111321432068143,
    0.9326066381645508,
    0.9442087399236317,
    0.95302046277863,
    0.9594008028458602,
    0.9650141966645998,
    0.9679677556215528,
    0.9717372148428576,
    0.9723409810384779,
    0.9789660911850135,
    0.9793414053066153,
    0.9808426617930224,
    0.9836330406971052,
    0.9853790672628178,
    0.9866845076857805,
    0.9879736301034562,
    0.9886263503149375,
    0.9883489442250579,
    0.9906334649652426,
    0.9909108710551222,
    0.9933259358376032,
    0.9943866061812604,
    0.9936686139486309,
    0.9951209164191769,
    0.995659410593649,
    0.9964589928527137,
    0.9961326327469731,
    0.9974707091805097,
    0.998090793381417,
    0.9981723834078522,
    0.9982866094448615,
    0.9980255213602689,
    0.9989230116510558,
    0.9990046016774909,
    0.9992820077673705,
    0.9992656897620835,
    0.9996083678731111,
    0.9996736398942593,
    0.9997389119154074,
    0.9997552299206945,
    0.9997715479259816,
    0.9996899578995464,
    0.9998368199471297,
    0.9998368199471297,
    0.9998205019418426,
    0.9999020919682778,
    0.9998205019418426
  ],
  "val_loss": [
    0.7332443333631536,
    0.483889905663905,
    0.31304215681957315,
    0.3102335242084302,
    0.24508275545751634,
    0.18723913410289783,
    0.19061478575887722,
    0.1727982092829839,
    0.19496038168086618,
    0.18130523567771156,
    0.16193268082533696,
    0.1566056197703121,
    0.13699828337876346,
    0.1507733315973489,
    0.15733748699341038,
    0.15126025504550933,
    0.13039419699921484,
    0.11542582620230168,
    0.1262144930088308,
    0.13021934554987516,
    0.14131464430686747,
    0.168616510567677,
    0.09819402456716335,
    0.0943526380045296,
    0.09762609324269331,
    0.09720168260878732,
    0.09011467343957033,
    0.09338594107459293,
    0.09069817597455461,
    0.09804187117839025,
    0.08044716213491426,
    0.0768953518883731,
    0.07065592140516296,
    0.07379393126747305,
    0.06798080554871302,
    0.0639434627899102,
    0.06354178036189011,
    0.06703972746228275,
    0.059849353312252246,
    0.059179922450188986,
    0.05938891465584863,
    0.05800677143431719,
    0.0616302512498442,
    0.05702873292529332,
    0.05487535527816628,
    0.05316779288115331,
    0.053387577180905026,
    0.0529077966800149,
    0.05276386696692751,
    0.05144372384242327
  ],
  "val_acc": [
    0.7634013805257747,
    0.8465266558966075,
    0.8999853135555882,
    0.907181671317374,
    0.9233367601703627,
    0.9415479512410045,
    0.9394918490233515,
    0.9484505801145543,
    0.942429137905713,
    0.9438977823468938,
    0.9491849023351446,
    0.9541782934351594,
    0.9596122778675282,
    0.9577030400939932,
    0.9582904978704656,
    0.9626964311940079,
    0.9634307534145983,
    0.9687178734028492,
    0.968424144514613,
    0.9660743134087237,
    0.9653399911881334,
    0.9571155823175209,
    0.9747393156116904,
    0.9741518578352181,
    0.9763548244969893,
    0.9753267733881628,
    0.9762079600528712,
    0.9756205022763988,
    0.9787046556028786,
    0.9766485533852254,
    0.9809076222646498,
    0.9814950800411221,
    0.9831105889264209,
    0.9831105889264209,
    0.9829637244823028,
    0.9857541489205464,
    0.9848729622558379,
    0.9845792333676017,
    0.9845792333676017,
    0.9873696578058452,
    0.9869290644734909,
    0.9864884711411367,
    0.9859010133646644,
    0.9873696578058452,
    0.9881039800264356,
    0.9883977089146717,
    0.9883977089146717,
    0.9883977089146717,
    0.9882508444705537,
    0.9883977089146717
  ]
}