{
  "train_loss": [
    1.947998586108248,
    0.9852213340738393,
    0.6595725960467107,
    0.47436432119414296,
    0.3511902919566599,
    0.2674712064212438,
    0.21084903543389796,
    0.17161024830242597,
    0.13600084351530772,
    0.11623776489103727,
    0.098582740107761,
    0.08024275038234636,
    0.07432347586615108,
    0.05849087645794649,
    0.05645788376229631,
    0.04444457384017922,
    0.04322173153798408,
    0.03661348213497322,
    0.03258152025529615,
    0.0288408496514824,
    0.02632623356698459,
    0.02173257185277092,
    0.023627325684769357,
    0.017014392799650887,
    0.013985387856897378,
    0.013641003005672597,
    0.01176860418373362,
    0.009199330920534623,
    0.008773068769153092,
    0.008409052117519676,
    0.005880098253540698,
    0.005457819292026304,
    0.003566952044816633,
    0.0029923636524204532,
    0.002452350531142664,
    0.0020149331395494705,
    0.0018811771244237304,
    0.001373468981438316,
    0.0009553902555602812,
    0.0004700284504367805,
    0.0003696086240111135,
    0.0005584097317861079,
    0.0004413234207513191,
    0.0001792858811055103,
    0.0001925610927149799,
    0.00022449532430098682,
    0.00012800910875112933,
    0.00013025764977268083,
    0.00016554687139766155,
    0.00011230738642853551
  ],
  "train_acc": [
    0.430779021572403,
    0.695554975359812,
    0.7917006625110147,
    0.849482719232401,
    0.8862798211546621,
    0.9150811004862766,
    0.9332919943866061,
    0.9450735942038445,
    0.9555660716034072,
    0.962729675924415,
    0.9683757057537287,
    0.9746418197839496,
    0.9766978884501158,
    0.9813485199569205,
    0.9824581443164387,
    0.9861460135113084,
    0.9861949675271695,
    0.9886100323096505,
    0.989344342547567,
    0.9911066871185666,
    0.9916451812930387,
    0.9934075258640384,
    0.9925589895891126,
    0.9949087823504454,
    0.9959204986782416,
    0.9960510427205378,
    0.9965242648738618,
    0.9973728011487876,
    0.9974707091805097,
    0.9972422571064913,
    0.9982213374237133,
    0.9984008354818706,
    0.999020919682778,
    0.9991840997356484,
    0.9993962338043798,
    0.9995594138572501,
    0.9995757318625371,
    0.9997715479259816,
    0.9997878659312686,
    0.9999347279788519,
    0.9999510459841389,
    0.9998857739629907,
    0.9998857739629907,
    1.0,
    0.999983681994713,
    0.9999510459841389,
    1.0,
    1.0,
    0.999967363989426,
    1.0
  ],
  "val_loss": [
    1.3928963392907292,
    1.0738105758519088,
    0.7845951882223146,
    0.9699959133161219,
    1.1830690088978002,
    0.5826397440755292,
    0.5672066141319864,
    0.48560797793519606,
    0.7637660776987565,
    0.5293854823247647,
    0.2918302785993095,
    0.3153914490851174,
    0.2713826754961898,
    0.41549169903442995,
    1.0852594716308366,
    0.3231816836208092,
    0.3337065626440778,
    0.3339429787819843,
    0.28004372903368935,
    0.3985707580623061,
    0.21411723678009437,
    0.5338868831271624,
    0.2821759286387619,
    0.1733030108807458,
    0.2175116244435993,
    0.18986207572421868,
    0.28032110038833447,
    0.25703636499416954,
    0.16814566007846077,
    0.20026067161476022,
    0.14292400777733857,
    0.1472313248396865,
    0.15599928073883756,
    0.12841910173721752,
    0.1229292314112808,
    0.12973375467454693,
    0.14627540997645458,
    0.12051133654780773,
    0.12769226223462338,
    0.12587874294211465,
    0.12443252566932127,
    0.11931596634334221,
    0.12039588888832731,
    0.11823972392997424,
    0.11792187428547521,
    0.11726976737034253,
    0.1146710337686642,
    0.11551363372217542,
    0.11406374447247954,
    0.1145489707688724
  ],
  "val_acc": [
    0.5783521809369951,
    0.6780731384931709,
    0.7519459538845645,
    0.7431340872374798,
    0.7147892495226905,
    0.8312527537083272,
    0.8337494492583346,
    0.8600381847554707,
    0.8087824937582612,
    0.8576883536495814,
    0.9121750624173888,
    0.9080628579820825,
    0.91819650462623,
    0.8898516669114407,
    0.7648700249669556,
    0.908944044646791,
    0.9063004846526656,
    0.9060067557644295,
    0.9259803201644882,
    0.8983698046702894,
    0.94037303568806,
    0.8822147158173006,
    0.925686591276252,
    0.9537377001028051,
    0.9393449845792333,
    0.9505066823322074,
    0.9273021001615509,
    0.9355265090321633,
    0.9577030400939932,
    0.9472756645616096,
    0.964605668967543,
    0.9596122778675282,
    0.9607871934204729,
    0.9678366867381407,
    0.9697459245116757,
    0.97018651784403,
    0.9660743134087237,
    0.9706271111763842,
    0.970333382288148,
    0.9710677045087385,
    0.972095755617565,
    0.9729769422822735,
    0.9740049933911,
    0.9756205022763988,
    0.9756205022763988,
    0.9754736378322808,
    0.975767366720517,
    0.9754736378322808,
    0.9751799089440446,
    0.975767366720517
  ]
}