{
  "train_loss": [
    2.0019553465622373,
    1.0371072587987618,
    0.7021701797137337,
    0.5087425903870385,
    0.37943054319132224,
    0.28643646161762676,
    0.2254898859795428,
    0.17899390237028942,
    0.1446915522841692,
    0.1247110803059944,
    0.1008673403148278,
    0.08860204277329663,
    0.08035579078009607,
    0.06525767674039663,
    0.06079608757546223,
    0.04934361428805351,
    0.05048219701511396,
    0.037631588687129444,
    0.036709847651196614,
    0.031034079217509267,
    0.025719944294909848,
    0.02418491827382816,
    0.02109741787031195,
    0.019099239547674056,
    0.016413796516402505,
    0.01543497190915632,
    0.012677950307307171,
    0.008424349444111388,
    0.008465941083215965,
    0.008011967302639013,
    0.005680058623071781,
    0.005508622864916517,
    0.005289183868711048,
    0.0035563095081254715,
    0.0020251009086954585,
    0.0016299412882392601,
    0.00201187852444968,
    0.001296625884002561,
    0.0006162636464675192,
    0.0006435755370135844,
    0.0006018201558086207,
    0.0007504288873457257,
    0.00042131047604818486,
    0.0002686408962689343,
    0.0003490095925910535,
    0.000194304055393783,
    0.00015143132397775602,
    0.0001951327624582121,
    0.00012462958316604696,
    0.00010493392752395069
  ],
  "train_acc": [
    0.41349825397343426,
    0.6790085179987598,
    0.7790215724029894,
    0.8392513299174309,
    0.8798994810874319,
    0.908015404196991,
    0.9279233706471721,
    0.9430175255376783,
    0.9534610489213798,
    0.9594823928722953,
    0.9676087595052381,
    0.9711008126366633,
    0.9740706895989034,
    0.9792598152801801,
    0.9808426617930224,
    0.9843510329297347,
    0.9841062628504291,
    0.9884631702620672,
    0.9883652622303449,
    0.9908782350445482,
    0.9923794915309553,
    0.9924121275415293,
    0.9937828399856402,
    0.9940928820860938,
    0.9947945563134363,
    0.9953493684931954,
    0.9962305407786952,
    0.9977154792598153,
    0.9975196631963709,
    0.9977154792598153,
    0.9984008354818706,
    0.998547697529454,
    0.9986129695506021,
    0.9989882836722039,
    0.9995430958519631,
    0.9995430958519631,
    0.999510459841389,
    0.9996246858783983,
    0.9999347279788519,
    0.9998694559577037,
    0.9998531379524167,
    0.9998205019418426,
    0.9999510459841389,
    0.999967363989426,
    0.9999184099735648,
    0.999983681994713,
    1.0,
    0.9999510459841389,
    1.0,
    1.0
  ],
  "val_loss": [
    1.4747402099352223,
    1.0841538173053946,
    0.7164057427731392,
    0.6158736144451165,
    0.6213668932787278,
    0.7543288744008914,
    0.4018571700516173,
    0.4936342418220079,
    0.43606338991495913,
    0.3568756658524244,
    0.30370106152508436,
    0.3002153862711441,
    0.5515559003783456,
    0.2358873033662745,
    0.2810359701069989,
    0.5319579613508151,
    0.4493300429541103,
    0.9861977952751999,
    0.2648057328576225,
    0.9932339812081402,
    0.25264096435365707,
    0.18903927893083358,
    0.22115298243175782,
    0.18389955819701376,
    0.2519028331782958,
    0.17027523574967937,
    0.16394482121223886,
    0.24474335125161786,
    0.41870288658744353,
    0.27184999922917163,
    0.17766473017100073,
    0.11825016685862043,
    0.14333208270599654,
    0.11971170955497204,
    0.11049144968055633,
    0.11425246249620112,
    0.11224442122090772,
    0.11253655598033699,
    0.12162183892960625,
    0.09332307570452933,
    0.09613427376947156,
    0.0985321421258262,
    0.09131368823753792,
    0.08780137628107883,
    0.08791216298880898,
    0.08835598664408319,
    0.08595440569372714,
    0.08698204676429856,
    0.08615692673703221,
    0.08595953140225066
  ],
  "val_acc": [
    0.5526509032163314,
    0.6682332207372595,
    0.7752974004993392,
    0.8099574093112057,
    0.8062857982082537,
    0.7954178293435159,
    0.8725216625055074,
    0.8535761492142753,
    0.869878102511382,
    0.8904391246879131,
    0.9085034513144368,
    0.9114407401967983,
    0.8551916580995741,
    0.9327360845939198,
    0.9143780290791599,
    0.8590101336466441,
    0.8836833602584814,
    0.8287560581583199,
    0.9220149801733001,
    0.8008518137758849,
    0.934939051255691,
    0.9434571890145396,
    0.9372888823615803,
    0.9462476134527831,
    0.9358202379203995,
    0.951681597885152,
    0.9531502423263328,
    0.9409604934645323,
    0.9093846379791453,
    0.9343515934792187,
    0.9569687178734029,
    0.970333382288148,
    0.9603466000881187,
    0.9726832133940373,
    0.9706271111763842,
    0.968424144514613,
    0.9712145689528565,
    0.9725363489499192,
    0.9694521956234395,
    0.9753267733881628,
    0.9750330444999266,
    0.9762079600528712,
    0.9763548244969893,
    0.9770891467175796,
    0.9763548244969893,
    0.9779703333822881,
    0.9779703333822881,
    0.9785577911587605,
    0.9782640622705243,
    0.9782640622705243
  ]
}