{
  "train_loss": [
    3.508534906380544,
    3.3583710577316683,
    3.2090932641210346,
    3.028965475400424,
    2.8127402588241206,
    2.6011047747975438,
    2.419067439582904,
    2.22860644687767,
    2.0597328916705115,
    1.9071990288539942,
    1.74668353156599,
    1.6092943511048587,
    1.4791910074961754,
    1.363282839384571,
    1.2439424439387876,
    1.140022683192636,
    1.0440395483673874,
    0.941642562139167,
    0.8539560772739975,
    0.7677284188714243,
    0.6961144120009799,
    0.6323845213766233,
    0.5522462385977875,
    0.4925760634321055,
    0.4355940590102112,
    0.3804891339979604,
    0.3283859974647571,
    0.2956201121201812,
    0.25232946647839377,
    0.21682386349139313,
    0.18839354352802276,
    0.15748839102947332,
    0.13621059223790186,
    0.11469170561557626,
    0.09746690787323181,
    0.07909433301351605,
    0.06450469657034193,
    0.05303389671238598,
    0.04282034777119687,
    0.03559237063808372,
    0.02660122020161886,
    0.021032672265168795,
    0.018225783510582554,
    0.014204718037111626,
    0.010984175271213857,
    0.008737123054171242,
    0.008169108965950812,
    0.0070330795017492795,
    0.005479904724192181,
    0.005705373175387508
  ],
  "train_acc": [
    0.068731438268986,
    0.10128585881661825,
    0.12959759798962175,
    0.16672106001762343,
    0.21097549035605886,
    0.2560131849482719,
    0.29968016709637413,
    0.34537058190006853,
    0.39000032636010573,
    0.42952253516530137,
    0.47083972455207074,
    0.5073431023791651,
    0.5445155184230279,
    0.5749159622727718,
    0.6084984171534872,
    0.6392578571195457,
    0.6678796383930028,
    0.6992102085441075,
    0.7241930746385562,
    0.751737867563069,
    0.7727065043569075,
    0.7930550569498385,
    0.8175647008909631,
    0.835906138833589,
    0.8544923468555203,
    0.8723116086289612,
    0.8900982343918279,
    0.9007538918442609,
    0.9137756600633139,
    0.9282334127476257,
    0.9369635455761888,
    0.9477660650762051,
    0.9546033092914722,
    0.9625501778662576,
    0.9668418132567475,
    0.9736464214614405,
    0.979194543259032,
    0.982572370353448,
    0.9862276035377435,
    0.9885610782937894,
    0.9918409973564831,
    0.9936849319539179,
    0.9946313762605659,
    0.9961979047681211,
    0.9969648510166117,
    0.9979928853496949,
    0.9978786593126856,
    0.9981887014131393,
    0.9989230116510558,
    0.9987924676087595
  ],
  "val_loss": [
    3.412349796449233,
    3.2732160033625046,
    3.1477111466814374,
    3.034136325991929,
    2.67747010647559,
    2.599675732643563,
    2.385402080928339,
    2.1543547324032,
    2.113608436781258,
    1.8820761346242767,
    1.7970448392903617,
    1.681821013690967,
    1.6273760093013032,
    1.4509967319204482,
    1.4475124517294573,
    1.4310610307647822,
    1.3054119422233021,
    1.3061175527578235,
    1.2144088618537197,
    1.2654175566916144,
    1.295584894956375,
    1.239256928138296,
    1.1581039935205981,
    1.187043650960201,
    1.1578220919481474,
    1.2563985949099055,
    1.2011136325345129,
    1.157045450403505,
    1.2610631480338133,
    1.2646165183767346,
    1.210663238072784,
    1.279450386766996,
    1.2904079718935733,
    1.365747863718689,
    1.3718956443405235,
    1.30200256008744,
    1.3661530755448226,
    1.3955233632721622,
    1.3674396259491621,
    1.4149791524963138,
    1.408788349479984,
    1.4108929661712486,
    1.4074001870617185,
    1.4484501699901289,
    1.4003033797232165,
    1.4143579656164942,
    1.406112074751321,
    1.4185958064448065,
    1.4100342502475292,
    1.4107546359935264
  ],
  "val_acc": [
    0.08165663092965193,
    0.11367307974739316,
    0.1406961374651197,
    0.1630195329710677,
    0.2421794683507123,
    0.2567190483184021,
    0.3044499926567778,
    0.3648112791893083,
    0.3797914524893523,
    0.4445586723454252,
    0.45381113232486414,
    0.49845792333676014,
    0.5084447055367896,
    0.5550007343222206,
    0.56116904097518,
    0.5732119253928624,
    0.6121310030841534,
    0.6081656630929652,
    0.6318108385959759,
    0.6266705830518432,
    0.62461448083419,
    0.6466441474519019,
    0.6717579673960934,
    0.6704361873990307,
    0.685856954031429,
    0.6752827140549273,
    0.6939344984579233,
    0.7027463651050081,
    0.6977529740049934,
    0.6983404317814657,
    0.7111176384197386,
    0.7140549273021002,
    0.717579673960934,
    0.7165516228521075,
    0.719342047290351,
    0.7340284917021589,
    0.7309443383756793,
    0.7331473050374504,
    0.7423997650168894,
    0.7422529005727714,
    0.7484212072257307,
    0.7529740049933911,
    0.7559112938757527,
    0.7484212072257307,
    0.7575268027610516,
    0.7578205316492878,
    0.7598766338669408,
    0.7576736672051696,
    0.7597297694228228,
    0.7600234983110589
  ]
}