{
  "train_loss": [
    1.4405170693312241,
    0.584036370044215,
    0.3662316435828563,
    0.26214303744195827,
    0.21035995932480658,
    0.16854543101226943,
    0.14598672735500826,
    0.12606153490255195,
    0.11167762149693718,
    0.09463781211376268,
    0.08866948820790393,
    0.07695418993878397,
    0.07468327389579152,
    0.0628924119091379,
    0.06000548891188453,
    0.04898397131612946,
    0.047918567867198676,
    0.044850739106151234,
    0.035559703999425325,
    0.03587642763933257,
    0.03155142214410752,
    0.024474780292300276,
    0.02560107010616957,
    0.022731303213587184,
    0.018274123048830058,
    0.017272882189052336,
    0.014233871287390308,
    0.013950085773617142,
    0.010917737418150568,
    0.009211470474948935,
    0.007995207840549603,
    0.008093057030208937,
    0.007017362565626473,
    0.004753099923158229,
    0.004042455166600891,
    0.003012982548832814,
    0.0026841486392431,
    0.0023473489436482567,
    0.0017920397310797439,
    0.0017537366028486008,
    0.0008631406753680991,
    0.0011824491689998175,
    0.0009586376514606041,
    0.0007216887554822414,
    0.0008163287346204729,
    0.0005509763647747176,
    0.0006248090822691103,
    0.00048227533846403425,
    0.0005390147760444853,
    0.00029895754482416764
  ],
  "train_acc": [
    0.5718155412682354,
    0.8166508925948892,
    0.8834078522241441,
    0.9152279625338599,
    0.932737182206847,
    0.945775268431187,
    0.9523024705460005,
    0.9590418067295454,
    0.9637413922522111,
    0.969044743970497,
    0.9712150386736725,
    0.9751476779478476,
    0.976273620312653,
    0.9797819914493652,
    0.9807447537613002,
    0.984040990829281,
    0.9846773930354753,
    0.9853301132469567,
    0.9885610782937894,
    0.9882184001827616,
    0.989866518716752,
    0.9920531314252146,
    0.9919225873829183,
    0.99273848764727,
    0.994207108123103,
    0.9941255180966678,
    0.9953820045037695,
    0.9955615025619269,
    0.9967853529584544,
    0.9968832609901765,
    0.9975033451910839,
    0.997079077053621,
    0.9977807512809634,
    0.9982866094448615,
    0.9988414216246206,
    0.999020919682778,
    0.9992167357462224,
    0.9992656897620835,
    0.9994288698149538,
    0.9994288698149538,
    0.9998205019418426,
    0.9996246858783983,
    0.9996573218889723,
    0.9997552299206945,
    0.9998041839365556,
    0.9998368199471297,
    0.9998205019418426,
    0.9998368199471297,
    0.9998857739629907,
    0.9999347279788519
  ],
  "val_loss": [
    0.6925642552101274,
    0.40525436881075594,
    0.3119631717472564,
    0.23418700219706337,
    0.2126519754255443,
    0.18004939899139596,
    0.16400516334959966,
    0.1965486621726258,
    0.17943533343319187,
    0.17621425433224702,
    0.165330093947604,
    0.14953499987616398,
    0.14425016752965195,
    0.10808989522389287,
    0.1270554034157828,
    0.12724268379463777,
    0.11410429373816836,
    0.10528849523903917,
    0.10841838067057172,
    0.10603230095440148,
    0.1183980582043953,
    0.09943018450907393,
    0.10411310442771549,
    0.08761577877489307,
    0.08230627354582967,
    0.09655184368633707,
    0.07973241932912545,
    0.07403666131385245,
    0.09340740036157501,
    0.10073121041590877,
    0.08179888780031697,
    0.06917688074568688,
    0.06586618107826449,
    0.06416368402219443,
    0.068882852311628,
    0.06117501465682302,
    0.06563634218793583,
    0.06067381217699677,
    0.05539568020657001,
    0.0597352035837429,
    0.05606004427051034,
    0.056280172296033215,
    0.053168190533747696,
    0.053697607508021175,
    0.05368823664936627,
    0.0547709825294764,
    0.05276781373441325,
    0.052141610054125966,
    0.05350493469151062,
    0.05314841360270905
  ],
  "val_acc": [
    0.7854310471434865,
    0.8657658980760757,
    0.9023351446614775,
    0.9227493023938904,
    0.9314143045968571,
    0.9453664267880746,
    0.949772360111617,
    0.9444852401233661,
    0.9452195623439565,
    0.9500660889998531,
    0.9540314289910413,
    0.9546188867675136,
    0.9560875312086944,
    0.9676898222940227,
    0.9644588045234249,
    0.9641650756351887,
    0.9669555000734322,
    0.9700396533999118,
    0.9681304156263768,
    0.972242620061683,
    0.968424144514613,
    0.9747393156116904,
    0.9731238067263915,
    0.9769422822734616,
    0.977676604494052,
    0.9753267733881628,
    0.9792921133793508,
    0.9797327067117051,
    0.975914231164635,
    0.9766485533852254,
    0.9829637244823028,
    0.9836980467028932,
    0.9850198266999559,
    0.9857541489205464,
    0.9839917755911294,
    0.9848729622558379,
    0.9870759289176091,
    0.9863416066970186,
    0.9861947422529006,
    0.9886914378029079,
    0.9875165222499633,
    0.9879571155823175,
    0.9889851666911441,
    0.9882508444705537,
    0.9886914378029079,
    0.9889851666911441,
    0.9889851666911441,
    0.9886914378029079,
    0.988838302247026,
    0.9885445733587899
  ]
}